Datum,Razlika
8/19/2014,1.5431084667514108
8/18/2014,-0.3028468951718116
8/15/2014,0.29157822739928885
8/14/2014,1.5635171007942867
8/13/2014,0.4942229351125238
8/12/2014,-0.9596647647618052
8/11/2014,1.1409645938565263
8/8/2014,-0.7816925898768325
8/7/2014,1.1071901022261916
8/6/2014,-1.4507425318764104
8/5/2014,0.17748618718507944
8/4/2014,-0.23842668987629162
8/1/2014,-1.7568009028743274
7/31/2014,-1.0144074875460813
7/30/2014,-0.3736718618234469
7/29/2014,0.11562601254490472
7/28/2014,-0.39464556230017656
7/25/2014,-1.0143367188070052
7/24/2014,0.5427907007548987
7/23/2014,0.42491310918149194
7/22/2014,-0.1740671392827823
7/21/2014,-0.21079330240904107
7/18/2014,2.3243054673762553
7/17/2014,-1.4404810416243794
7/16/2014,0.3858423293720047
7/15/2014,0.5389642883301229
7/14/2014,1.869170792945568
7/11/2014,1.0602410250850314
7/10/2014,-0.991987897853667
7/9/2014,-1.052522515101963
7/8/2014,-1.0449526018836641
7/7/2014,0.07028321535817803
7/3/2014,0.0
7/2/2014,0.869762106140688
7/1/2014,-0.058753235173201794
6/30/2014,0.2564198956298374
6/27/2014,-0.6574921942824505
6/26/2014,2.784558500717445
6/25/2014,0.012387990474525929
6/24/2014,1.8085205123336583
6/23/2014,-0.305293747018783
6/20/2014,0.47092438504199113
6/19/2014,1.7215416541240558
6/18/2014,0.12128078772744472
6/17/2014,-0.9212498326050833
6/16/2014,-0.5432177603410511
6/13/2014,-0.9043573137762329
6/12/2014,-0.12545462404331384
6/11/2014,-0.447803892689317
6/10/2014,0.603074561088619
6/9/2014,-0.16306900290571266
6/6/2014,2.1339633367965267
6/5/2014,0.9048961594383442
6/4/2014,-1.7223494592884405
6/3/2014,-1.731763217329583
6/2/2014,-0.017832658621065825
5/30/2014,-0.45265136450106136
5/29/2014,-0.21609640014924705
5/28/2014,1.541373296281046
5/27/2014,1.597046135424491
5/23/2014,1.1328153052427254
5/22/2014,1.5443784799160516
5/21/2014,0.5965226100246522
5/20/2014,1.93187223067223
5/19/2014,-0.3241317028837398
5/16/2014,-0.8198511843461268
5/15/2014,-1.3696091995321782
5/14/2014,0.3974390797165432
5/13/2014,1.4097167759301428
5/12/2014,2.498293600436635
5/9/2014,0.4503779362818745
5/8/2014,-1.4211161990871648
5/7/2014,-1.797313794319596
5/6/2014,0.07812128728559062
5/5/2014,-1.6749108900370695
5/2/2014,1.2615929422250314
5/1/2014,-0.09287144928765617
4/30/2014,2.070035302451638
4/29/2014,-0.054140285545877964
4/28/2014,-1.020080490147975
4/25/2014,-1.426216375501961
4/24/2014,-0.6969078045067458
4/23/2014,0.9742028507794562
4/22/2014,-1.3915315432275532
4/21/2014,-2.3159257909746254
4/17/2014,1.0699770495342655
4/16/2014,1.1512249448492662
4/15/2014,-0.2656760722814944
4/14/2014,1.0703324599350668
4/11/2014,-5.7433721603771355
4/10/2014,0.9613712265609747
4/9/2014,3.1367468941801544
4/8/2014,0.3439754021898678
4/7/2014,-5.900980533660958
4/4/2014,0.8423282434605692
4/3/2014,-5.023420059670834
4/2/2014,7.388451610526338
4/1/2014,-1.44296964106387
3/31/2014,1.0139018452676452
3/28/2014,-1.1971813789504535
3/27/2014,-51.11904450783888
3/26/2014,-0.34219529435166735
3/25/2014,-1.5360707944636685
3/24/2014,-1.833687510906591
3/21/2014,0.5300164131137085
3/20/2014,-0.9778771453112601
3/19/2014,1.4338590408170206
3/18/2014,1.3076115270249202
3/17/2014,-0.23180976692919783
3/14/2014,-2.1490938035284666
3/13/2014,0.9653933400048911
3/12/2014,-1.4310716191847048
3/11/2014,-0.15793596845803168
3/10/2014,-0.9056154639024531
3/7/2014,0.3698050583643822
3/6/2014,0.5950372935373145
3/5/2014,0.0041145608370564335
3/4/2014,0.6836582679994669
3/3/2014,-1.113628543623549
2/28/2014,0.1600497941520548
2/27/2014,-0.45833833226929255
2/26/2014,0.6628621429259538
2/25/2014,0.8777490423547581
2/24/2014,-0.2028419131077812
2/21/2014,0.3881430119080986
2/20/2014,-0.17920197162465162
2/19/2014,0.32378750814332796
2/18/2014,0.4851061973139955
2/14/2014,1.2585165434803618
2/13/2014,-0.6938540070425261
2/12/2014,0.7481948324226071
2/11/2014,0.7142857776801563
2/10/2014,0.35713289864807646
2/7/2014,1.4333714986639243
2/6/2014,0.6778157392627902
2/5/2014,0.47364218345137715
2/4/2014,-3.4947455346201086
2/3/2014,0.6701767986982841
1/31/2014,2.301308715446247
1/30/2014,2.3125284021224606
1/29/2014,0.7925598566685303
1/28/2014,-1.4012961060757112
1/27/2014,-2.1641788848785084
1/24/2014,-0.7749993140097515
1/23/2014,-0.5665998868490996
1/22/2014,0.48925439210958493
1/21/2014,0.35268669437328043
1/17/2014,0.6744417208827939
1/16/2014,-0.33738500159570645
1/15/2014,1.3216794125290539
1/14/2014,1.0191131464712735
1/13/2014,-1.1070405163648718
1/10/2014,-0.38130827265314654
1/9/2014,-0.22338346801919065
1/8/2014,1.8666711435775891
1/7/2014,1.0772557545394421
1/6/2014,-0.1784731483099698
1/3/2014,-0.041235833436674064
1/2/2014,0.28949771017358983
12/31/2013,-0.7229902628984897
12/30/2013,0.030358430479313307
12/27/2013,0.5376989356260626
12/26/2013,-0.08610145373503603
12/24/2013,0.6435964652470917
12/23/2013,1.7954615900202682
12/20/2013,0.6967208679550979
12/19/2013,0.8322087033591623
12/18/2013,-0.0904208831934326
12/17/2013,0.8289517007000299
12/16/2013,-1.0600700030437982
12/13/2013,-0.3862640696152609
12/12/2013,-0.7200681199508276
12/11/2013,1.0453950788526396
12/10/2013,0.48179865582161807
12/9/2013,0.11216368740707668
12/6/2013,1.1908798593882282
12/5/2013,0.5545143709145254
12/4/2013,0.03996634201565021
12/3/2013,-1.1809916818704531
12/2/2013,0.1271006929100657
11/29/2013,0.012240876495352984
11/27/2013,1.2807467293272718
11/26/2013,1.1030177964165
11/25/2013,0.36190907198766015
11/22/2013,0.6251187978743774
11/21/2013,-0.2864198286215503
11/20/2013,-0.17156185298629917
11/19/2013,-0.38908436248165873
11/18/2013,0.08503440333135268
11/15/2013,0.09187929188479241
11/14/2013,2.6987833676621116
11/13/2013,-0.0942760104904128
11/12/2013,-0.17929311285751745
11/11/2013,0.07533875435789582
11/8/2013,-1.3553538716708309
11/7/2013,-0.29153538512014476
11/6/2013,0.5145306149352925
11/5/2013,-1.0809475947774994
11/4/2013,-0.028108773163740903
11/1/2013,0.2779511687622474
10/31/2013,-0.8193326776764556
10/30/2013,1.7986503239793339
10/29/2013,0.38416078494002764
10/28/2013,-1.3238479418937557
10/25/2013,-0.2955763634471427
10/24/2013,3.0839136727440026
10/23/2013,-0.3980082768276859
10/22/2013,-0.6386843525961066
10/21/2013,3.571648555218932
10/18/2013,9.360691773294262
10/17/2013,0.8037263606425186
10/16/2013,1.1544281282465927
10/15/2013,1.050003471020625
10/14/2013,0.07275012707188364
10/11/2013,0.2535194330812626
10/10/2013,0.8828851373196029
10/9/2013,-1.0446983144835622
10/8/2013,-0.24555009250798576
10/7/2013,-0.8628551947005182
10/4/2013,-1.463959584887853
10/3/2013,0.5970097349035132
10/2/2013,0.28173413019207805
10/1/2013,1.2852679420780735
9/30/2013,-0.6561350952046405
9/27/2013,-0.3962171309012039
9/26/2013,-0.930571886530161
9/25/2013,0.005639133109797515
9/24/2013,-1.0768272866305617
9/23/2013,-0.24934094188944647
9/20/2013,-0.838858589937162
9/19/2013,2.2158279521087265
9/18/2013,-0.11944751364243533
9/17/2013,-0.9808107186030278
9/16/2013,0.19005176724411943
9/13/2013,-0.32315467057314723
9/12/2013,0.9971402147324261
9/11/2013,-0.1662899053790883
9/10/2013,0.7117591599206102
9/9/2013,0.14618248835630945
9/6/2013,1.023468850895182
9/5/2013,1.528447261248705
9/4/2013,0.7011119043038606
9/3/2013,-0.1635976884587002
8/30/2013,0.7879234455048129
8/29/2013,-0.13878329692335137
8/28/2013,-1.0900178969701513
8/27/2013,-1.1931044823049888
8/26/2013,-0.8919676681178763
8/23/2013,0.5878305630366659
8/22/2013,0.23545080355455555
8/21/2013,0.26487373370473133
8/20/2013,1.2405141569212577
8/19/2013,-0.4145031599030288
8/16/2013,-0.3655538324918377
8/15/2013,-1.5858930554310615
8/14/2013,-0.9539593098096599
8/13/2013,-0.007888587402324522
8/12/2013,-0.4109806961166568
8/9/2013,-0.5505331902006171
8/8/2013,0.05027532080023556
8/7/2013,-1.066662463097624
8/6/2013,-0.07731494843870229
8/5/2013,0.2158383096042723
8/2/2013,0.9430196232827815
8/1/2013,0.22508746981237537
7/31/2013,0.8504067203428628
7/30/2013,0.06327856578981571
7/29/2013,-0.2356235667900943
7/26/2013,-0.769687022209359
7/25/2013,-1.4758754906358078
7/24/2013,-0.37772814297745966
7/23/2013,0.9645197362537233
7/22/2013,1.7358240173678166
7/19/2013,-3.5234342652893957
7/18/2013,-0.21823524570998806
7/17/2013,-0.6611810230990262
7/16/2013,0.3061737637301794
7/15/2013,0.4673906001902553
7/12/2013,0.7667049230447593
7/11/2013,1.0570596729841255
7/10/2013,-0.8287577593199786
7/9/2013,1.3111507855481388
7/8/2013,1.033696747473625
7/5/2013,1.1489893621414988
7/3/2013,-1.1570431463684703
7/2/2013,0.42303870392731296
7/1/2013,1.3201469670765646
6/28/2013,-0.4437870031214958
6/27/2013,0.5779739566220867
6/26/2013,-0.4001088701625084
6/25/2013,0.617052075188039
6/24/2013,-1.852890222530639
6/21/2013,-0.6319986087116491
6/20/2013,-0.8187577914246944
6/19/2013,1.431389909295452
6/18/2013,1.0713924761886993
6/17/2013,-0.09885348473750431
6/14/2013,1.279663085287244
6/13/2013,-1.8611791956331891
6/12/2013,0.1685576993826251
6/11/2013,0.21198943082202257
6/10/2013,1.341884403003602
6/7/2013,0.7080828829705232
6/6/2013,0.20753497440365049
6/5/2013,-0.6153148257071227
6/4/2013,-0.5899161779891902
6/3/2013,0.5621317990190712
5/31/2013,-0.20691510718362205
5/30/2013,-0.661176996463811
5/29/2013,-0.8817220733977934
5/28/2013,0.9414343998188509
5/24/2013,-0.19839875389217662
5/23/2013,-2.8319498563359438
5/22/2013,-0.6013044573796062
5/21/2013,0.3337023087684674
5/20/2013,-0.5516392344486487
5/17/2013,-0.9771497805072306
5/16/2013,2.6242307130941933
5/15/2013,2.0512839845097783
5/14/2013,-0.15815603493815156
5/13/2013,0.4090001065083652
5/10/2013,0.5132975403675648
5/9/2013,1.6149372645645725
5/8/2013,-0.696398858737757
5/7/2013,1.7388494488225497
5/6/2013,1.3501253899452306
5/3/2013,2.055849069395566
5/2/2013,-0.38383908243947323
5/1/2013,0.5201450179687365
4/30/2013,1.9607812672834657
4/29/2013,-0.538631066972422
4/26/2013,-1.0597214497341667
4/25/2013,1.0072828868439185
4/24/2013,0.8876463114406408
4/23/2013,0.04996156863904555
4/22/2013,4.0875728680349885
4/19/2013,-2.0614979892260523
4/18/2013,-0.1779477104470037
4/17/2013,0.02034372817640885
4/16/2013,0.08142539549228331
4/15/2013,-0.7626372174504147
4/12/2013,-0.11224667962933517
4/11/2013,1.2721585489405354
4/10/2013,0.95680754651575
4/9/2013,-0.41734219143490464
4/8/2013,-0.9299481818419242
4/5/2013,-2.2617340903145893
4/4/2013,-1.1322071057776752
4/3/2013,1.108711654377358
4/2/2013,1.1987234577827208
4/1/2013,-1.1169299695837875
3/28/2013,-0.33346263262624526
3/27/2013,-0.8383557523106385
3/26/2013,0.1341697049712564
3/25/2013,-0.2859795723406206
3/22/2013,0.4252507860039672
3/21/2013,-0.6782286034408446
3/20/2013,0.6890644430194516
3/19/2013,0.7751523088019298
3/18/2013,-1.6493582688662674
3/15/2013,-1.0266092259564081
3/14/2013,-0.10991840133526544
3/13/2013,-0.33826392167102587
3/12/2013,-0.11783708927931334
3/11/2013,-0.3367277548328613
3/8/2013,0.05275378677972321
3/7/2013,-0.828745453044657
3/6/2013,1.459712385600927
3/5/2013,2.9343164263412502
3/4/2013,0.9400842679945849
3/1/2013,-0.4119389874840648
2/28/2013,0.7926541395326603
2/27/2013,-0.025152913547100246
2/26/2013,-0.9098872557216398
2/25/2013,0.380348908556134
2/22/2013,0.15789671962458418
2/21/2013,-0.9064902146936292
2/20/2013,1.1696092915419765
2/19/2013,1.090932212304694
2/15/2013,0.9836736830615519
2/14/2013,-0.05127252073687312
2/13/2013,-0.20722765912652846
2/12/2013,0.43036653995569535
2/11/2013,-0.2217542001716449
2/8/2013,1.355073426949944
2/7/2013,1.4003934236320188
2/6/2013,-0.27065026826152794
2/5/2013,-0.8545060971538516
2/4/2013,1.25164421864677
2/1/2013,1.0246409689181621
1/31/2013,-0.4285321773246859
1/30/2013,0.9360604275970598
1/29/2013,-0.6664417220398356
1/28/2013,0.1318679904750673
1/25/2013,1.285679726117686
1/24/2013,0.7133265317128097
1/23/2013,4.446116885653628
1/22/2013,-0.8024095178113053
1/18/2013,-1.0240930514832625
1/17/2013,-0.6492246491161661
1/16/2013,0.42678571242387187
1/15/2013,-2.397556116012607
1/14/2013,-0.673853696574255
1/11/2013,-0.11173533286752388
1/10/2013,1.442091426295177
1/9/2013,-0.4445746366982342
1/8/2013,0.012236976309118878
1/7/2013,0.8377485928078815
1/4/2013,0.6083293912469865
1/3/2013,0.7658970350093148
1/2/2013,2.774284442606303
12/31/2012,-0.24084212885728573
12/28/2012,-0.7707157636156523
12/27/2012,-0.1313410239729993
12/26/2012,-0.9013173803937423
12/24/2012,0.07563918555208905
12/21/2012,-1.284462210123546
12/20/2012,0.35381619137072495
12/19/2012,0.5735436932744741
12/18/2012,1.5733496958284987
12/17/2012,0.9053553473154604
12/14/2012,-2.3396450933311086
12/13/2012,2.3869128184232684
12/12/2012,1.3376847192925008
12/11/2012,0.6726080350164109
12/10/2012,-1.3827401646614916
12/7/2012,1.0776853367004537
12/6/2012,-0.6588251085294642
12/5/2012,-0.41007165485273994
12/4/2012,-1.0309847676429271
12/3/2012,1.5810616962364943
11/30/2012,0.513240554727518
11/29/2012,2.9595354187823166
11/28/2012,1.1875738694813327
11/27/2012,-0.9408191555998555
11/26/2012,-0.5268843505065577
11/23/2012,0.1464862442880008
11/21/2012,-0.07767010268163078
11/20/2012,2.106145047154534
11/19/2012,1.5031233565321065
11/16/2012,-0.6169276967256981
11/15/2012,-1.6135358130511668
11/14/2012,-0.35293756685906297
11/13/2012,-0.11299325770767905
11/12/2012,1.3900496852726871
11/9/2012,-2.3202043982110823
11/8/2012,-0.7111063493084744
11/7/2012,-1.52885457514875
11/6/2012,0.14316688332467636
11/5/2012,-1.4810247900575761
11/2/2012,2.25018493088017
11/1/2012,-0.05295007586549678
10/31/2012,0.4966770683935116
10/26/2012,-0.5147070722298199
10/25/2012,-0.9900976432552658
10/24/2012,2.200855731629712
10/23/2012,-1.3215632430756699
10/22/2012,-3.482244654045925
10/19/2012,-6.612489235499067
10/18/2012,1.5578965863123222
10/17/2012,0.5161325116758233
10/16/2012,-0.2439608112714027
10/15/2012,-1.3180811082293549
10/12/2012,-0.13946104075568222
10/11/2012,1.488152199472582
10/10/2012,-2.344435973090419
10/9/2012,-0.17477525256158796
10/8/2012,-1.2598727725437242
10/5/2012,1.0435952360344731
10/4/2012,0.9302354034114418
10/3/2012,-1.2388893156175693
10/2/2012,0.8102206025079484
10/1/2012,0.6497396666879249
9/28/2012,-0.7632133514739963
9/27/2012,1.3469404262320948
9/26/2012,-0.4249383908491952
9/25/2012,3.016414665434232
9/24/2012,-0.16525639999052388
9/21/2012,1.0683704957884346
9/20/2012,0.9714282971433285
9/19/2012,1.3733098532146175
9/18/2012,-0.04660694324362415
9/17/2012,-0.20997750941062013
9/14/2012,2.382088423314108
9/13/2012,0.5337900074849569
9/12/2012,-1.224997766387262
9/11/2012,-1.6625315786671118
9/10/2012,1.3942794231293585
9/7/2012,2.04677230128711
9/6/2012,0.87647072619354
9/5/2012,-0.6646718637468951
9/4/2012,0.08040439110339632
8/31/2012,-0.035071113836844615
8/30/2012,1.0142188740561207
8/29/2012,1.8601480921674016
8/28/2012,0.30317328816980693
8/27/2012,-1.8664914528381595
8/24/2012,0.19724719542517022
8/23/2012,1.0324024372130618
8/22/2012,-0.8512747114648087
8/21/2012,-0.3538161092366555
8/20/2012,0.2047158737041828
8/17/2012,0.9902489610483989
8/16/2012,-0.4132582466491947
8/15/2012,1.6731069993353203
8/14/2012,1.8272533396107078
8/13/2012,1.38273887640999
8/10/2012,-0.9185264955787892
8/9/2012,0.8543875402715627
8/8/2012,-0.42692584966220765
8/7/2012,0.34082553321222875
8/6/2012,-0.06093848672677779
8/3/2012,2.316513253369613
8/2/2012,-1.8499918001866968
8/1/2012,1.4388918943361033
7/31/2012,-1.2247392451496704
7/30/2012,2.772700376453482
7/27/2012,0.6325226619776504
7/26/2012,1.0981020413855054
7/25/2012,-1.0861747344534582
7/24/2012,2.418062350751111
7/23/2012,-1.3601425163429541
7/20/2012,3.8591444385677285
7/19/2012,1.5875764966242918
7/18/2012,-0.25067760327713495
7/17/2012,0.35740919724606757
7/16/2012,0.7375764968349923
7/13/2012,0.8869290711750295
7/12/2012,-1.5929153756348313
7/11/2012,-2.353479927274804
7/10/2012,0.8958075473049487
7/9/2012,-1.2659383591733244
7/6/2012,0.6267492380571115
7/5/2012,1.5085877369514407
7/3/2012,-0.3110896666384804
7/2/2012,1.1931314494455363
6/29/2012,1.6009816600673
6/28/2012,-0.31706814812025685
6/27/2012,0.877819600133276
6/26/2012,-0.8055247118106411
6/25/2012,-0.1179654623668325
6/22/2012,-2.0419407903033706
6/21/2012,0.005177549369823669
6/20/2012,1.0843990448454914
6/19/2012,1.9498027207378865
6/18/2012,0.40689564572406545
6/15/2012,-0.17103266180674095
6/14/2012,-0.07476399210832473
6/13/2012,-1.4128541760359987
6/12/2012,-2.471719166274561
6/11/2012,1.4517694656225932
6/8/2012,-1.9996583940544337
6/7/2012,1.9289508943190847
6/6/2012,0.17898500231666045
6/5/2012,0.917197084152071
6/4/2012,-0.27457831215985246
6/1/2012,-2.87572729996568
5/31/2012,0.09520419975872009
5/30/2012,-1.2839606704345476
5/29/2012,-0.8635665430807947
5/25/2012,-1.3395475563996828
5/24/2012,1.248240589231578
5/23/2012,-1.9219580111557775
5/22/2012,2.1531797086148443
5/21/2012,-3.9337793644381045
5/18/2012,-1.3773388525744497
5/17/2012,2.568125969085091
5/16/2012,2.083095114118773
5/15/2012,0.7606749555077444
5/14/2012,-1.5679491438112407
5/11/2012,-0.4258071342011126
5/10/2012,1.011841363199211
5/9/2012,0.21303202002509852
5/8/2012,1.769745156829848
5/7/2012,-1.8022164947286514
5/4/2012,-0.6069311677807198
5/3/2012,1.400531063971912
5/2/2012,-0.4289562003022639
5/1/2012,-1.500840870371226
4/30/2012,-0.33007730348026443
4/27/2012,0.6727689613725889
4/26/2012,1.1440430840722957
4/25/2012,0.9628199282113836
4/24/2012,0.9006592596102868
4/23/2012,-1.878361660497044
4/20/2012,-0.2377467821227149
4/19/2012,-0.38812759465046687
4/18/2012,-0.08379783987910638
4/17/2012,-2.3178219516723875
4/16/2012,-3.7912112637531985
4/13/2012,0.8095308128145263
4/12/2012,1.32182699580485
4/11/2012,0.0710292044193637
4/10/2012,0.8019347013104206
4/9/2012,-0.5947032348203037
4/5/2012,-0.9726710730632556
4/4/2012,-1.0783859985204498
4/3/2012,0.7241300477523198
4/2/2012,-1.6846993241225467
3/30/2012,-0.2586260620096372
3/29/2012,0.2162461222671022
3/28/2012,0.7727608325158251
3/27/2012,0.3147256516344061
3/26/2012,-0.24744343962211232
3/23/2012,1.2686000587682582
3/22/2012,0.6129675188764458
3/21/2012,0.5848679398732876
3/20/2012,1.2517656200357807
3/19/2012,0.35915300089785207
3/16/2012,0.6957521060456018
3/15/2012,0.2601673615359523
3/14/2012,1.026687962771455
3/13/2012,1.458336810410655
3/12/2012,-1.3076693100149923
3/9/2012,-0.34260366576971946
3/8/2012,0.16255239095133325
3/7/2012,0.16445181104787363
3/6/2012,-1.9953854244722138
3/5/2012,-0.25241322894432056
3/2/2012,-0.04178390838490802
3/1/2012,0.591663403995703
2/29/2012,1.409833650366947
2/28/2012,0.5621609697830104
2/27/2012,-0.12514047291485025
2/24/2012,0.0576608541612362
2/23/2012,-0.8105087535266525
2/22/2012,1.3396965000271321
2/21/2012,-0.18182622968673684
2/17/2012,0.3566564405579037
2/16/2012,-1.6494572869237827
2/15/2012,0.2272977464068527
2/14/2012,0.17035499793266776
2/13/2012,0.430998126962547
2/10/2012,-0.6764437357367736
2/9/2012,0.5553352067396888
2/8/2012,0.2454087857762425
2/7/2012,2.0403018719883397
2/6/2012,0.7364614862097887
2/3/2012,0.9899623562649063
2/2/2012,-0.011960864613098593
2/1/2012,0.3327587751461381
1/31/2012,0.8563279137145768
1/30/2012,1.273696802083123
1/27/2012,-0.2097933502684056
1/26/2012,-0.9575678895583946
1/25/2012,-1.5025920339503147
1/24/2012,0.054614754987917236
1/23/2012,-0.7671141371423362
1/20/2012,-7.87219398010665
1/19/2012,2.2916268056907416
1/18/2012,-0.846554575025189
1/17/2012,0.9133633343784718
1/13/2012,-0.7857782706552909
1/12/2012,1.2381701384904638
1/11/2012,-0.992460991322528
1/10/2012,-2.5908720937150047
1/9/2012,-1.91914143323231
1/6/2012,-0.4500626404589538
1/5/2012,-0.4360690413905839
1/4/2012,1.8516261948454615
1/3/2012,1.700879866067717
12/30/2011,0.08261922537862092
12/29/2011,-0.19602549623397342
12/28/2011,1.6929025897043288
12/27/2011,0.007910113039960701
12/23/2011,0.6449516520554683
12/22/2011,-0.3269788400428021
12/21/2011,0.32006504854932233
12/20/2011,-0.001590099338984312
12/19/2011,0.5910410675798923
12/16/2011,0.2891466720360276
12/15/2011,0.10774992012917796
12/14/2011,-1.0989916991887316
12/13/2011,1.1063229679321576
12/12/2011,0.6278264048228649
12/9/2011,-0.48949790146648203
12/8/2011,-0.10295069388100725
12/7/2011,-0.21026754988235657
12/6/2011,-0.7408792959791959
12/5/2011,1.7162339716567938
12/2/2011,2.841666250584053
12/1/2011,0.34284028758268903
11/30/2011,1.7129370010756721
11/29/2011,1.4688348555499868
11/28/2011,2.508884620467508
11/25/2011,-1.7658727721639254
11/23/2011,-0.80172314885717
11/22/2011,-1.3202763602728516
11/21/2011,-2.365439248279787
11/18/2011,-1.319567138641821
11/17/2011,-0.3316528259608529
11/16/2011,-0.1174991447795498
11/15/2011,0.7894784465813494
11/14/2011,1.1142435020582873
11/11/2011,-0.7641082517262666
11/10/2011,0.2763701295959567
11/9/2011,-0.7783236400164281
11/8/2011,2.6427583401599857
11/7/2011,-0.030337772934025644
11/4/2011,1.107332537157506
11/3/2011,0.35903666669325235
11/2/2011,0.8274379677901949
11/1/2011,-2.5189462105690184
10/31/2011,0.09587549797566287
10/28/2011,-0.6517162241683752
10/27/2011,1.5045436604450952
10/26/2011,-0.5985500010788303
10/25/2011,1.087395169960318
10/24/2011,-0.4732675200158917
10/21/2011,1.3077779373772742
10/20/2011,-0.9262082702622828
10/19/2011,1.2323532984928707
10/18/2011,-0.6047363598353795
10/17/2011,-2.6273269049294097
10/14/2011,8.988598834633606
10/13/2011,0.3466403591318606
10/12/2011,2.7499630788341296
10/11/2011,1.5766031487149001
10/10/2011,1.615623851207875
10/7/2011,1.8384248649352013
10/6/2011,2.246399762284267
10/5/2011,1.2897143424267512
10/4/2011,-3.887420715617973
10/3/2011,-1.9914987168280631
9/30/2011,-2.9531356931265482
9/29/2011,-1.008314798292814
9/28/2011,0.6131514723361422
9/27/2011,2.076815172525607
9/26/2011,2.0694603802875573
9/23/2011,-1.8413289104443245
9/22/2011,-3.9146208237793965
9/21/2011,-0.31124847373983977
9/20/2011,1.674834685492228
9/19/2011,-0.8168075458654184
9/16/2011,1.7366922738809856
9/15/2011,0.5463820015877019
9/14/2011,0.11090845919791312
9/13/2011,2.7106297176715173
9/12/2011,-2.529171852801003
9/9/2011,-0.44959796976586763
9/8/2011,0.6315342060892842
9/7/2011,3.8469082271232877
9/6/2011,-2.6064358673872916
9/2/2011,-3.010639269629751
9/1/2011,-0.7324589936869054
8/31/2011,1.2170484601007736
8/30/2011,0.6790537308600457
8/29/2011,2.8019833678583335
8/26/2011,-1.958971961007341
8/25/2011,2.1277398168370905
8/24/2011,3.1439894036329963
8/23/2011,-0.09920736725068408
8/22/2011,0.9332338672754833
8/19/2011,-4.6096287097695505
8/18/2011,-3.0664865715396794
8/17/2011,-2.2446290497669583
8/16/2011,-0.18069318770426845
8/15/2011,-2.8217768677670647
8/12/2011,2.831247210526663
8/11/2011,-1.346686862410598
8/10/2011,0.06773981205587731
8/9/2011,-0.3516978632872408
8/8/2011,-3.357706142599018
8/5/2011,-2.011775596716487
8/4/2011,0.0387003563978212
8/3/2011,-1.9356469634126934
8/2/2011,-0.8540286595525487
8/1/2011,1.156849423157881
7/29/2011,-0.1586287579768998
7/28/2011,-1.942711246519817
7/27/2011,-0.14076684451636484
7/26/2011,0.764640473897947
7/25/2011,1.3165082348558421
7/22/2011,1.912358984094976
7/21/2011,-1.3534162012781297
7/20/2011,1.013186582556977
7/19/2011,0.6160515653548607
7/18/2011,-0.8385006367779707
7/15/2011,10.828756265124804
7/14/2011,0.3947930053942465
7/13/2011,1.67372679067017
7/12/2011,-0.003781280217914054
7/11/2011,-0.8950201251270659
7/8/2011,-1.487988688463567
7/7/2011,1.4058207153349567
7/6/2011,1.5610116624971246
7/5/2011,3.662621621651329
7/1/2011,0.9462353482194088
6/30/2011,1.097597114900795
6/29/2011,2.586667570649792
6/28/2011,2.113922261152502
6/27/2011,-1.3896926649327244
6/24/2011,-0.3007538368630344
6/23/2011,-1.8964268910832305
6/22/2011,0.8744058418949532
6/21/2011,0.4515404494778972
6/20/2011,-4.184278874311055
6/17/2011,0.6702345384736503
6/16/2011,-0.4395820328435372
6/15/2011,-0.6139895015549471
6/14/2011,-0.3627425248601671
6/13/2011,-0.7936496573957345
6/10/2011,-1.138460601835871
6/9/2011,0.6717885005719321
6/8/2011,-1.2163157346811313
6/7/2011,-0.1241566831054304
6/6/2011,0.2950175029681374
6/3/2011,-1.0557830296692667
6/2/2011,-0.08901147383441163
6/1/2011,0.5790550404230911
5/31/2011,1.257512651280708
5/27/2011,0.1506688534918272
5/26/2011,0.07152772626602455
5/25/2011,-0.5842071469245923
5/24/2011,0.7297712841563202
5/23/2011,-2.8582191299013675
5/20/2011,-0.1745699307737349
5/19/2011,0.6024120104656031
5/18/2011,2.7375205152872413
5/17/2011,-2.0672196669527687
5/16/2011,-1.5525406456756585
5/13/2011,-0.11769989726251237
5/12/2011,-0.9071743570833974
5/11/2011,0.025923658529331463
5/10/2011,0.9345783614308341
5/9/2011,-0.5853400415155904
5/6/2011,0.8035826753138015
5/5/2011,-0.2447830944932792
5/4/2011,-0.36489410410093
5/3/2011,-1.5704651141094785
5/2/2011,1.055554827264649
4/29/2011,0.36056290751464204
4/28/2011,0.011148308177134044
4/27/2011,2.180354697112372
4/26/2011,0.24178978590933412
4/25/2011,-0.42465131805140166
4/21/2011,0.30233566818388546
4/20/2011,-0.7642183714678675
4/19/2011,0.6705609408079053
4/18/2011,-3.4605376308989646
4/15/2011,-5.198290106078045
4/14/2011,-0.05559963377588384
4/13/2011,0.08869950377579483
4/12/2011,-0.20826760033993452
4/11/2011,-1.4857464065710386
4/8/2011,1.5910234561911174
4/7/2011,0.620434117262817
4/6/2011,-1.5316300427099436
4/5/2011,-2.0101181615187986
4/4/2011,0.7201603186387673
4/1/2011,0.9879885215429293
3/31/2011,-0.2361425263097658
3/30/2011,1.454858822070569
3/29/2011,-1.0428351237471591
3/28/2011,-0.8195804908163238
3/25/2011,0.24768043536063816
3/24/2011,1.7802741952832584
3/23/2011,-0.36031172175088805
3/22/2011,1.2363663420452564
3/21/2011,0.9882368294607967
3/18/2011,0.028348343881308864
3/17/2011,-0.6214728443779858
3/16/2011,1.8852039590511889
3/15/2011,-2.6710881791977448
3/14/2011,-0.9373630497681678
3/11/2011,-1.2332630708621872
3/10/2011,-0.9407693304280618
3/9/2011,-0.32551204950735885
3/8/2011,-1.2688281134941586
3/7/2011,-1.2789158182174487
3/4/2011,0.3215855963458578
3/3/2011,1.0970309951678345
3/2/2011,-2.9104283666748025
3/1/2011,1.2754145363800125
2/28/2011,-0.30398667935411333
2/25/2011,0.07686684148200473
2/24/2011,0.17367459157094867
2/23/2011,-1.5644370853867138
2/22/2011,-0.9536720166644755
2/18/2011,0.7645837790267281
2/17/2011,-0.7000948400753426
2/16/2011,-0.26939443054981727
2/15/2011,0.6384976642713983
2/14/2011,1.555897481162993
2/11/2011,-0.01791314734546047
2/10/2011,-0.4814651131532766
2/9/2011,0.3154803929215544
2/8/2011,0.7817637449846808
2/7/2011,0.0016466415177757703
2/4/2011,0.10992696433942353
2/3/2011,-0.24877567437660364
2/2/2011,1.0769455303965976
2/1/2011,0.14744540630643183
1/31/2011,-2.498909725328247
1/28/2011,0.19097330970266257
1/27/2011,-0.3933422133226009
1/26/2011,1.9944118938591933
1/25/2011,0.10368795243555788
1/24/2011,-5.004843029304163
1/21/2011,1.1657501816450244
1/20/2011,-1.5433239809178902
1/19/2011,2.565254802852724
1/18/2011,1.4026503154758116
1/14/2011,0.06969727302636687
1/13/2011,-0.384270768939492
1/12/2011,0.26549257426120765
1/11/2011,0.4733205723278182
1/10/2011,-0.18021790236910878
1/7/2011,0.8564190400038263
1/6/2011,1.7681362646482195
1/5/2011,-0.916419953802329
1/4/2011,1.5323172411518668
1/3/2011,-0.04356043948346822
12/31/2010,-0.2107049942405274
12/30/2010,-0.6644490590657746
12/29/2010,-0.008313746733142195
12/28/2010,-0.11446956278207206
12/27/2010,-0.4295175372517348
12/23/2010,0.22185856242969432
12/22/2010,0.9071632073837199
12/21/2010,0.6592066230225393
12/20/2010,0.6176047246648856
12/17/2010,-0.31206001015078055
12/16/2010,-0.2271879426763975
12/15/2010,-0.4840148343419024
12/14/2010,-0.00502728914167684
12/13/2010,0.6710070646642582
12/10/2010,-0.12460543316315272
12/9/2010,0.32264534481727203
12/8/2010,0.1183895299075732
12/7/2010,1.8430253365442981
12/6/2010,1.9527534689060575
12/3/2010,0.13892283998971347
12/2/2010,1.0053270048329215
12/1/2010,-1.9710233750257986
11/30/2010,-2.5204964805575774
11/29/2010,-0.21846929660823414
11/26/2010,0.5363449779817773
11/24/2010,0.05110807296993478
11/23/2010,-0.07830718292530077
11/22/2010,-1.5963102239359739
11/19/2010,1.3582285477196518
11/18/2010,0.6837579425864604
11/17/2010,-1.3091293965916782
11/16/2010,-1.7112110210689757
11/15/2010,-1.7769024512277583
11/12/2010,-0.9214107484450806
11/11/2010,-0.3825941745758287
11/10/2010,-1.2571359860432618
11/9/2010,0.9582982449083037
11/8/2010,0.1347908373528172
11/5/2010,-0.23373151069770992
11/4/2010,1.156276092415198
11/3/2010,-0.1891184276646425
11/2/2010,0.47748118346536267
11/1/2010,-0.21714955323693166
10/29/2010,-0.4806064014323526
10/28/2010,0.6950581431581625
10/27/2010,0.4354924739276265
10/26/2010,-0.4044918896339831
10/25/2010,0.599754322231949
10/22/2010,0.06705357503950078
10/21/2010,0.5541396852350078
10/20/2010,-0.11661127821610245
10/19/2010,1.38207261616009
10/18/2010,0.2135911742476125
10/15/2010,10.123488066032456
10/14/2010,-0.5155353416707636
10/13/2010,1.273791118053682
10/12/2010,0.30455619542575557
10/11/2010,1.071753676979439
10/8/2010,-0.6415339537427017
10/7/2010,-0.5655944680969384
10/6/2010,2.059120869483308
10/5/2010,0.65340418260354
10/4/2010,-0.9528390737650378
10/1/2010,0.15875190864921335
9/30/2010,0.24816608499518247
9/29/2010,-1.0553294093841457
9/28/2010,0.8754887478812002
9/27/2010,1.362745026032904
9/24/2010,1.3855189611749739
9/23/2010,0.3412184599823399
9/22/2010,0.6239202079228766
9/21/2010,3.4883245308341593
9/20/2010,1.808789924209228
9/17/2010,0.7917465360476943
9/16/2010,0.0
9/15/2010,-0.42737691716234044
9/14/2010,0.23081932329946664
9/13/2010,0.3924628889783572
9/10/2010,0.24904693776443518
9/9/2010,2.7171705592455764
9/8/2010,0.14854355567446595
9/7/2010,-1.2794371275583312
9/3/2010,1.6593239437215048
9/2/2010,1.7275436867615428
9/1/2010,1.0819630189558431
8/31/2010,-1.9688584137300156
8/30/2010,1.4561622202284954
8/27/2010,-0.7674448433396162
8/26/2010,1.3466697136540857
8/25/2010,-1.682328517694627
8/24/2010,-0.8233992423358499
8/23/2010,-1.3825655597753672
8/20/2010,-2.7109617292988397
8/19/2010,-1.9227672527039799
8/18/2010,0.3909677360006451
8/17/2010,1.002733163984604
8/16/2010,-1.0879357678644157
8/13/2010,1.0455846538675415
8/12/2010,-2.770576568593931
8/11/2010,-0.9196785437123081
8/10/2010,0.01990698397377028
8/9/2010,-0.6232701825795391
8/6/2010,-0.0968568573026116
8/5/2010,2.7855684214995806
8/4/2010,0.3425033778126568
8/3/2010,0.3088004611947188
8/2/2010,1.9472580439356428
7/30/2010,-1.2964327912043503
7/29/2010,-1.8163801005681495
7/28/2010,0.8887440519588602
7/27/2010,0.30464750092750187
7/26/2010,1.7305593110583362
7/23/2010,-0.5090790605092976
7/22/2010,-0.15909001545044643
7/21/2010,4.982320248528645
7/20/2010,0.004338943912672691
7/19/2010,-1.7287681183872414
7/16/2010,-4.598052738826109
7/15/2010,0.3776471491384164
7/14/2010,1.5821656674570377
7/13/2010,2.091581417501911
7/12/2010,0.0868737410977669
7/9/2010,4.059088476597868
7/8/2010,3.4769876672750937
7/7/2010,-1.281527120310159
7/6/2010,0.5389207674977867
7/2/2010,-0.8241788016105943
7/1/2010,-2.125466231384623
6/30/2010,-1.8297946300615648
6/29/2010,-1.936135426926045
6/28/2010,-0.936989138112253
6/25/2010,-0.5420528106998108
6/24/2010,-1.4849353030139842
6/23/2010,-0.6144088310965866
6/22/2010,-2.0004037920541906
6/21/2010,-0.5193919455748793
6/18/2010,-0.1867123568706906
6/17/2010,1.467243816798085
6/16/2010,2.7096937323932035
6/15/2010,-2.305450688612421
6/14/2010,2.4829033759930614
6/11/2010,0.44340682752174826
6/10/2010,-1.405938013653115
6/9/2010,-0.12913967481892663
6/8/2010,-2.2462192736617257
6/7/2010,-0.1320733370723755
6/4/2010,0.9311038086476777
6/3/2010,1.732146309243972
6/2/2010,1.3009163181817054
6/1/2010,-2.498276112084977
5/28/2010,1.6063542145873344
5/27/2010,0.5974209200858714
5/26/2010,2.9734041946003944
5/25/2010,-2.616852942249896
5/24/2010,2.487957414100867
5/21/2010,-3.300556677453535
5/20/2010,-2.2548623869956423
5/19/2010,-2.6941174124802134
5/18/2010,0.6353845009306547
5/17/2010,-0.5865423351490191
5/14/2010,-1.3030060194627224
5/13/2010,0.8710284802800439
5/12/2010,-0.7039406211685418
5/11/2010,0.33076114292721337
5/10/2010,2.800168560221676
5/7/2010,-1.7257946222915552
5/6/2010,1.550956641827027
5/5/2010,-4.850714831653823
5/4/2010,0.003793345698247309
5/3/2010,-0.8717190236699025
4/30/2010,-0.41996986689671256
4/29/2010,0.23867729653567563
4/28/2010,0.5955093036701883
4/27/2010,-2.939605269656551
4/26/2010,-0.4166284399916747
4/23/2010,-0.8605140628982183
4/22/2010,-0.8014866337435966
4/21/2010,0.41322772705090016
4/20/2010,0.9877031366772295
4/19/2010,-2.5310925251994867
4/16/2010,-4.9259443224512545
4/15/2010,0.35758929402910833
4/14/2010,3.0618482863582352
4/13/2010,0.9130145457067018
4/12/2010,-0.024667881456021085
4/9/2010,0.7402523947208767
4/8/2010,-0.701570780965596
4/7/2010,-0.3793036017298456
4/6/2010,-0.2522348056398317
4/5/2010,-0.07875789510556626
4/1/2010,1.1149483127934663
3/31/2010,0.3944280011421701
3/30/2010,-0.030196572069631594
3/29/2010,-0.4015695503275139
3/26/2010,1.1180213805681225
3/25/2010,2.4765897164299866
3/24/2010,-2.0698791279774817
3/23/2010,0.167241632286405
3/22/2010,-0.6946454250051844
3/19/2010,-0.8358155931019653
3/18/2010,-0.6299524316343545
3/17/2010,1.1515979598782309
3/16/2010,-0.8558658222174491
3/15/2010,-3.6487840811028547
3/12/2010,2.417015893025566
3/11/2010,1.8624990947404576
3/10/2010,0.6983988858935237
3/9/2010,-0.8729008899639462
3/8/2010,0.6110241545197116
3/5/2010,2.7172936275980466
3/4/2010,0.7633252300828504
3/3/2010,1.2848287349222318
3/2/2010,1.1867049248035402
3/1/2010,0.3374849054622723
2/26/2010,0.05691483550932295
2/25/2010,-1.284686419078843
2/24/2010,-1.6611437846592954
2/23/2010,-0.7947355015816167
2/22/2010,1.2617176087031587
2/19/2010,0.5562350231757753
2/18/2010,-0.822869474729018
2/17/2010,0.9555379142359891
2/16/2010,0.7317485910060681
2/12/2010,-0.06562671816115019
2/11/2010,-0.14042967269918205
2/10/2010,-1.0138287771613788
2/9/2010,1.3220583334336207
2/8/2010,0.775932437753494
2/5/2010,-1.6014870678932347
2/4/2010,1.5756513411372033
2/3/2010,-1.175794272767563
2/2/2010,0.06733751658443715
2/1/2010,-0.7223817457046882
1/29/2010,-1.1019496870545542
1/28/2010,0.594891899462457
1/27/2010,0.6134250058017909
1/26/2010,-1.577053797027049
1/25/2010,-3.1727227470889536
1/22/2010,-3.2462617359895454
1/21/2010,-0.4334623410978061
1/20/2010,0.8224356047009868
1/19/2010,-2.0460442626565283
1/15/2010,1.616721576548415
1/14/2010,1.2853639432146287
1/13/2010,-3.5405354647680967
1/12/2010,-1.1266315484408433
1/11/2010,2.104736826988822
1/8/2010,-2.855267268380459
1/7/2010,-2.629985084325697
1/6/2010,-0.21046473766914026
1/5/2010,0.036683084917135095
1/4/2010,0.3521389580723626
12/31/2009,1.0105130587471673
12/30/2009,-0.9988117492820499
12/29/2009,0.4954448964594161
12/28/2009,1.424304232271423
12/24/2009,1.5625498834051001
12/23/2009,0.35920517344396974
12/22/2009,0.6241516576085315
12/21/2009,0.2650868803962737
12/18/2009,-0.0687479512120128
12/17/2009,-0.3608390030960744
12/16/2009,0.8933092682025113
12/15/2009,-0.3443375206550661
12/14/2009,0.11267301444201414
12/11/2009,0.7181006700735191
12/10/2009,0.5004246537228529
12/9/2009,0.6855261848669464
12/8/2009,-0.1215401564739408
12/7/2009,-1.4856155787375513
12/4/2009,0.6756775557356082
12/3/2009,-0.33163379639991025
12/2/2009,0.4879822617888981
12/1/2009,1.2916990219833298
11/30/2009,1.508741982323675
11/27/2009,-2.4573269403134206
11/25/2009,0.6677906890910452
11/24/2009,1.045989506531121
11/23/2009,1.2273871702869283
11/20/2009,-0.7441960761193258
11/19/2009,-0.4994393610557253
11/18/2009,0.3096392275581325
11/17/2009,-0.022609005652409746
11/16/2009,1.003000627253923
11/13/2009,-0.047403354247800095
11/12/2009,-0.16126778274281417
11/11/2009,1.3772164366864104
11/10/2009,1.3106478996396955
11/9/2009,1.4113007882349538
11/6/2009,0.7783085122005465
11/5/2009,0.4974068766712726
11/4/2009,2.035808239506059
11/3/2009,-1.3163737211417075
11/2/2009,-2.3490930461979707
10/30/2009,1.2872748868409492
10/29/2009,-0.8870730004926537
10/28/2009,-0.5626469156431523
10/27/2009,-0.8600982241426409
10/26/2009,0.09004504788185451
10/23/2009,0.9545476291697997
10/22/2009,0.016365740671292216
10/21/2009,-0.31360508706567314
10/20/2009,-0.18998032115337063
10/19/2009,0.9792960031797142
10/16/2009,2.544263971703677
10/15/2009,0.24226660115275703
10/14/2009,1.5389291842933077
10/13/2009,0.18532982801138667
10/12/2009,1.3103591117599
10/9/2009,-0.5620074007375742
10/8/2009,4.122252362852733
10/7/2009,1.4846442176260355
10/6/2009,0.8305147489323788
10/5/2009,0.8082826103562132
10/2/2009,-1.8782985604424571
10/1/2009,-1.3999972060047787
9/30/2009,0.09408567720383663
9/29/2009,0.9477808664632447
9/28/2009,0.11127618868869403
9/25/2009,-1.2348450895762646
9/24/2009,-0.061902524475233575
9/23/2009,-0.02794613121889166
9/22/2009,2.7022563369507697
9/21/2009,-1.8177420800497748
9/18/2009,1.26383620225295
9/17/2009,2.2446885542604016
9/16/2009,0.9935143245732337
9/15/2009,0.9712892902166942
9/14/2009,0.023384314021969516
9/11/2009,0.80359918468113
9/10/2009,1.6533759942332409
9/9/2009,-1.1264466537418911
9/8/2009,1.468623238808862
9/4/2009,0.3839243522343411
9/3/2009,0.0
9/2/2009,-0.8397135796765143
9/1/2009,-0.023923706848875195
8/31/2009,-2.018069917700647
8/28/2009,0.14511904945793505
8/27/2009,-0.8841710001970239
8/26/2009,0.7737748259016473
8/25/2009,0.3808693598042376
8/24/2009,0.3887985891264081
8/21/2009,2.9955688860534218
8/20/2009,2.729613803395918
8/19/2009,-1.148062034149594
8/18/2009,-1.4174967665559977
8/17/2009,-2.4374380994709304
8/14/2009,0.13631438050090883
8/13/2009,1.479987816537746
8/12/2009,0.3835358267922452
8/11/2009,-0.32297698760839477
8/10/2009,-0.11631094687196662
8/7/2009,0.30156607881028386
8/6/2009,-0.372809670134359
8/5/2009,1.4753949792263443
8/4/2009,0.14039464035603613
8/3/2009,-0.2755637812701936
7/31/2009,1.665120390803695
7/30/2009,1.230477084370565
7/29/2009,-0.8548817273040152
7/28/2009,-1.129943547157153
7/27/2009,2.347354175105862
7/24/2009,1.6632497258577543
7/23/2009,0.15887823517383634
7/22/2009,-0.682228164905974
7/21/2009,0.24657769322925593
7/20/2009,-0.7205516737132244
7/17/2009,-0.8427227693352646
7/16/2009,1.6338474549371056
7/15/2009,1.404265653779361
7/14/2009,1.8117589642338627
7/13/2009,1.608959794940345
7/10/2009,0.851965675702171
7/9/2009,1.5300054295908734
7/8/2009,-2.01842033456317
7/7/2009,0.4280413356440604
7/6/2009,-2.1448717015659335
7/2/2009,-2.072134802445365
7/1/2009,0.04716902200652935
6/30/2009,-0.4694818234947943
6/29/2009,2.9781455827441814
6/26/2009,1.6412787456108149
6/25/2009,-0.4256953218293684
6/24/2009,0.5139526392404042
6/23/2009,-2.4703197834784927
6/22/2009,-0.30128042969116164
6/19/2009,0.6086378143039742
6/18/2009,-0.12253805649632056
6/17/2009,-0.744083991096932
6/16/2009,-0.519573472439087
6/15/2009,-1.2556765470884554
6/12/2009,-1.1371792128262643
6/11/2009,-1.0223994937431609
6/10/2009,-0.5358185477493519
6/9/2009,-0.20932888007737535
6/8/2009,-1.2514873056532416
6/5/2009,2.2444301690518267
6/4/2009,2.18309554966468
6/3/2009,-0.058647877749740895
6/2/2009,1.7959052924589574
6/1/2009,1.6063664330503895
5/29/2009,0.8392833041786204
5/28/2009,0.7494351528335401
5/27/2009,3.492794395511027
5/26/2009,-1.187415402977216
5/22/2009,0.09083683356273059
5/21/2009,-1.439974136780186
5/20/2009,1.5122491652469185
5/19/2009,0.34706879306704924
5/18/2009,0.9281538879113459
5/15/2009,0.5915640723827271
5/14/2009,-1.3423372406903644
5/13/2009,-3.882828471096342
5/12/2009,1.7899701525580596
5/11/2009,-0.012417006940576824
5/8/2009,-0.309329080954389
5/7/2009,-0.6612693159780458
5/6/2009,1.7025791494439546
5/5/2009,0.4545826873216498
5/4/2009,0.7948741946853491
5/1/2009,-0.18445288703263335
4/30/2009,2.536468471841538
4/29/2009,0.5784990671885909
4/28/2009,-0.15351042804695783
4/27/2009,-0.44294755745104686
4/24/2009,-0.37675945164346386
4/23/2009,1.5088337750042429
4/22/2009,1.4833746451248355
4/21/2009,-2.5844843197855583
4/20/2009,0.033677473128326134
4/17/2009,1.184794842078481
4/16/2009,3.9226353382249273
4/15/2009,-2.6104945583952452
4/14/2009,1.5107853948005254
4/13/2009,0.49525975525557264
4/9/2009,1.6506205184551705
4/8/2009,0.2482066826623677
4/7/2009,-1.198903440529647
4/6/2009,0.6858701752420087
4/3/2009,0.3275414841230195
4/2/2009,5.680956175897729
4/1/2009,-1.475940470959668
3/31/2009,1.8625003246965686
3/30/2009,-2.1285714269795983
3/27/2009,-0.8863517034873676
3/26/2009,0.7791042506307999
3/25/2009,1.1255412064989774
3/24/2009,3.8793666133670053
3/23/2009,0.9869743552189717
3/20/2009,-0.41606385150418096
3/19/2009,-0.934851036553769
3/18/2009,4.569298392997975
3/17/2009,-1.7822617262835379
3/16/2009,-0.03373192602389103
3/13/2009,2.695727019544151
3/12/2009,2.399220596001592
3/11/2009,3.9731790971745293
3/10/2009,-0.576705786529465
3/9/2009,-2.356613441933617
3/6/2009,-2.925939096825062
3/5/2009,-2.067088873508908
3/4/2009,-2.0934920576164626
3/3/2009,-0.9780119930492469
3/2/2009,0.11412804695928698
2/27/2009,-3.760543993761599
2/26/2009,1.1135480368944155
2/25/2009,3.3623353290694307
2/24/2009,-4.605193726421278
2/23/2009,2.647542340639922
2/20/2009,-5.4326298535291935
2/19/2009,2.94609036290556
2/18/2009,0.21067812523348514
2/17/2009,-4.329222803565583
2/13/2009,2.5569136943103588
2/12/2009,-1.6130361086749159
2/11/2009,-4.529494705147536
2/10/2009,1.2658868940818997
2/9/2009,4.157555175726755
2/6/2009,4.561315329042724
2/5/2009,0.24701402563012545
2/4/2009,-0.729785918581464
2/3/2009,2.476892394174611
2/2/2009,-3.0171984885191963
1/30/2009,0.04353768770619966
1/29/2009,1.9409399432469168
1/28/2009,3.531932654476482
1/27/2009,0.49253478276288576
1/26/2009,5.0376690590251885
1/23/2009,3.767956045463468
1/22/2009,3.360497162187934
1/21/2009,-3.607012456770958
1/20/2009,-1.92773912509658
1/16/2009,2.5036126563508456
1/15/2009,-4.0096748223248895
1/14/2009,-0.567728441688697
1/13/2009,-1.4352990080757302
1/12/2009,-3.416797137942048
1/9/2009,2.8968226848324004
1/8/2009,-3.057990383818641
1/7/2009,-1.3994864499197013
1/6/2009,3.732089936894313
1/5/2009,4.018147474281629
1/2/2009,1.446409022763858
12/31/2008,1.130327557129604
12/30/2008,0.19318699596673136
12/29/2008,-1.2661588577339697
12/26/2008,0.8591033108426084
12/24/2008,0.3494997999553984
12/23/2008,-2.634819632171088
12/22/2008,-0.7813768678133498
12/19/2008,-1.8029719582672965
12/18/2008,-0.6088421347938776
12/17/2008,1.3099421730902834
12/16/2008,0.16241270531652377
12/15/2008,6.18849404758211
12/12/2008,-2.7813386002825533
12/11/2008,-1.6395094634178644
12/10/2008,3.87988468439421
12/9/2008,2.655259777892854
12/8/2008,6.9994868099531375
12/5/2008,-1.9925564733675714
12/4/2008,2.4754509872717927
12/3/2008,0.04449479116833567
12/2/2008,-5.91252087737968
12/1/2008,-1.34214339916132
11/28/2008,3.6748958946424435
11/26/2008,4.317399319768212
11/25/2008,-0.21539998694647447
11/24/2008,2.5713299979385322
11/21/2008,-4.503619867162075
11/20/2008,-6.939972191115755
11/19/2008,-2.0492753631454255
11/18/2008,-0.47195462468618105
11/17/2008,-0.08243613370286619
11/14/2008,3.9346072734456015
11/13/2008,-3.4034089649894494
11/12/2008,-2.151024944349122
11/11/2008,-5.887202215344902
11/10/2008,-1.536977774431118
11/7/2008,-2.014886964411942
11/6/2008,-6.124532434525711
11/5/2008,2.4643460827820016
11/4/2008,-1.1577833638000345
11/3/2008,0.3986987691042236
10/31/2008,-3.338215817896784
10/30/2008,0.7299282305270686
10/29/2008,7.886739719896005
10/28/2008,1.2663943417244865
10/27/2008,2.5545935511827795
10/24/2008,-7.6855616815014525
10/23/2008,-0.9356052469759214
10/22/2008,-4.135442990811053
10/21/2008,-1.9381181242035017
10/20/2008,0.2084649207673162
10/17/2008,13.88387645947503
10/16/2008,-6.172282595694492
10/15/2008,-9.87980354842432
10/14/2008,10.607377911323985
10/13/2008,13.612855622888151
10/10/2008,-9.102526709839386
10/9/2008,4.349412614121487
10/8/2008,-11.563495607097657
10/7/2008,-0.173808729313346
10/6/2008,-5.881468243357509
10/3/2008,-3.035695820277227
10/2/2008,-0.3307792041290754
10/1/2008,3.830999289740592
9/30/2008,-5.608925969651901
9/29/2008,-1.98364172868249
9/26/2008,-2.4701507098404125
9/25/2008,1.9751832185368599
9/24/2008,-0.6716690092631271
9/23/2008,-4.597803231517093
9/22/2008,-1.490234999210916
9/19/2008,9.076277751599124
9/18/2008,-3.6124802336255746
9/17/2008,2.9392477440261637
9/16/2008,0.46226099112776414
9/15/2008,-1.4434783954042352
9/12/2008,5.353246167329479
9/11/2008,-3.79767251933652
9/10/2008,0.3072029580117767
9/9/2008,-6.382457065948792
9/8/2008,1.4658017029534287
9/5/2008,-3.154353209820512
9/4/2008,-1.862476915134582
9/3/2008,-1.6863481739221202
9/2/2008,1.4944095318211956
8/29/2008,-0.5799062907511882
8/28/2008,-0.26174865225040755
8/27/2008,-2.0125756994898323
8/26/2008,-0.545144614635084
8/25/2008,-1.09664309463496
8/22/2008,1.776688287049279
8/21/2008,-2.385184517543424
8/20/2008,0.8747439452883795
8/19/2008,-3.8070778829480627
8/18/2008,0.5621408955282059
8/15/2008,1.8665865248170619
8/14/2008,-0.7775120288520592
8/13/2008,-0.0796797455621828
8/12/2008,1.9351438501745577
8/11/2008,2.565863383712613
8/8/2008,-0.3838211169251058
8/7/2008,0.7588291009078937
8/6/2008,2.30543863435534
8/5/2008,-0.11321757191658917
8/4/2008,-0.9290851696360669
8/1/2008,-0.4319754081000148
7/31/2008,-2.253345515447969
7/30/2008,1.2935534158600765
7/29/2008,-2.599119905180271
7/28/2008,1.151099144312987
7/25/2008,-2.0555608606715423
7/24/2008,3.1332364283975083
7/23/2008,3.190352837741912
7/22/2008,-2.94460660982042
7/21/2008,-3.5055667266007515
7/18/2008,-6.703987852560093
7/17/2008,3.9141032713670083
7/16/2008,-0.433883557365294
7/15/2008,-4.215208512590908
7/14/2008,0.4659827931033235
7/11/2008,-1.5596336288180732
7/10/2008,-1.0458227368042818
7/9/2008,0.8736442166658951
7/8/2008,0.6804329290132133
7/7/2008,2.1511384819357917
7/3/2008,-1.0493693369651222
7/2/2008,3.258397284201936
7/1/2008,-2.420792307798465
6/30/2008,0.9077436297029529
6/27/2008,-3.0178201465031895
6/26/2008,-0.15964337943284096
6/25/2008,-0.031186064010334223
6/24/2008,-0.04034007342561724
6/23/2008,-2.086249299352145
6/20/2008,0.2935064749713588
6/19/2008,-1.6226460691996625
6/18/2008,-2.0543055348274266
6/17/2008,1.7387492619275233
6/16/2008,0.8922653065849236
6/13/2008,2.319770147352853
6/12/2008,-1.3447358047187679
6/11/2008,1.2155130403925383
6/10/2008,-3.2566967124789454
6/9/2008,-2.016389077153612
6/6/2008,0.46267491125625093
6/5/2008,2.0784309213123997
6/4/2008,-1.9375554886276405
6/3/2008,-1.0300438474076088
6/2/2008,-0.16624527441611045
5/30/2008,1.5101159985087313
5/29/2008,1.206120799641715
5/28/2008,4.216819297973237
5/27/2008,-0.36566156117860255
5/23/2008,-0.904057918772924
5/22/2008,-4.592761462543953
5/21/2008,0.6769598358713034
5/20/2008,-0.67755119545492
5/19/2008,-0.4953334186744914
5/16/2008,0.4196844125383263
5/15/2008,-1.277090115846831
5/14/2008,0.04435196842625975
5/13/2008,1.997390504780427
5/12/2008,-0.7340242770870559
5/9/2008,-1.2282467791321263
5/8/2008,-0.6895163139322887
5/7/2008,-0.12351265391463426
5/6/2008,-1.312500315494727
5/5/2008,0.061827830016691565
5/2/2008,3.4894729833401272
5/1/2008,2.8636944544122342
4/30/2008,2.0659768589038925
4/29/2008,0.9067933384887948
4/28/2008,-0.5719320734065939
4/25/2008,-0.41175265352908924
4/24/2008,-1.1918874210613184
4/23/2008,3.7892763329119394
4/22/2008,-0.3374235423515171
4/21/2008,0.7810089589171222
4/18/2008,17.465921831114223
4/17/2008,2.5269992162097323
4/16/2008,-2.9969621534507827
4/15/2008,0.21217786740907793
4/14/2008,-1.488997416633331
4/11/2008,-0.19141678262519035
4/10/2008,-0.8888774805566089
4/9/2008,-0.8265722184398423
4/8/2008,-0.8364247757708837
4/7/2008,4.380650733799539
4/4/2008,-1.022246501400304
4/3/2008,-1.7386623137705677
4/2/2008,4.94929896532718
4/1/2008,2.7775213929769422
3/31/2008,-2.6415742196583225
3/28/2008,0.3273501052878265
3/27/2008,-1.4560591053336618
3/26/2008,-1.0645788829382892
3/25/2008,4.340491459695632
3/24/2008,2.599925149897661
3/20/2008,-3.1262090925596806
3/19/2008,2.827640726505729
3/18/2008,0.23131248119993492
3/17/2008,-3.3838993139302547
3/14/2008,2.3828820128415047
3/13/2008,-1.66814426694999
3/12/2008,3.4684656345948643
3/11/2008,-0.8324984059969404
3/10/2008,-0.011656154598615241
3/7/2008,-4.201571972540008
3/6/2008,0.5480112073837535
3/5/2008,-1.2640042305281738
3/4/2008,-4.36045716805323
3/3/2008,-0.0762893149486857
2/29/2008,0.2911761174788837
2/28/2008,2.253709148005025
2/27/2008,-0.23199787353351303
2/26/2008,-8.844752083443353
2/25/2008,0.7748108497237177
2/22/2008,-2.1039266495220343
2/21/2008,1.8549764893251899
2/20/2008,-5.8754234456094485
2/19/2008,1.2549417279205881
2/15/2008,-1.8649566113118559
2/14/2008,3.033496772997715
2/13/2008,-0.1700533918134702
2/12/2008,0.5513778855624439
2/11/2008,2.1809480794196463
2/8/2008,2.5258640870320583
2/7/2008,-2.793751011047131
2/6/2008,4.435767186387551
2/5/2008,-3.858013695472218
2/4/2008,-3.7074140635682995
2/1/2008,-1.918332585005872
1/31/2008,-1.853635910662583
1/30/2008,-2.012603253987251
1/29/2008,-1.838969384207841
1/28/2008,-3.521405381339831
1/25/2008,5.907298758573745
1/24/2008,-0.34063326697128177
1/23/2008,-0.23486162648728873
1/22/2008,-7.615564742219838
1/18/2008,-1.9975517408877677
1/17/2008,-1.3053054715459609
1/16/2008,-2.621145885158869
1/15/2008,-0.8047464290809669
1/14/2008,1.313213890281066
1/11/2008,-0.3581367752341352
1/10/2008,2.376043706179902
1/9/2008,-3.516080563091608
1/8/2008,-0.1437493282174423
1/7/2008,-3.788486715507513
1/4/2008,-0.8128293791688435
1/3/2008,-1.098333297566694
1/2/2008,-0.815952049623373
12/31/2007,-0.9022161311628718
12/28/2007,-0.30265890586801125
12/27/2007,1.1559502800795631
12/26/2007,0.5755543619704462
12/24/2007,-0.4141118979594727
12/21/2007,1.7569955632680612
12/20/2007,1.7234973151867734
12/19/2007,0.007415437644746692
12/18/2007,-2.0116296601172947
12/17/2007,0.07127011167235103
12/14/2007,-1.2637979153130408
12/13/2007,-2.4775940928436957
12/12/2007,-0.8250725945340128
12/11/2007,0.5516824340891515
12/10/2007,0.13986367063836805
12/7/2007,2.463463342234683
12/6/2007,0.7318808486411885
12/5/2007,2.1258711967566297
12/4/2007,-1.8378912996368602
12/3/2007,-2.8115318015317015
11/30/2007,2.9315954437488476
11/29/2007,1.2666655703643952
11/28/2007,1.0832767083828587
11/27/2007,-0.7938821922793631
11/26/2007,1.5223903901943017
11/23/2007,4.074431396254799
11/21/2007,1.1453683816987426
11/20/2007,1.094360806682205
11/19/2007,-0.686182235655083
11/16/2007,-0.7250610006075507
11/15/2007,-5.155358595606739
11/14/2007,4.386119107259591
11/13/2007,-1.938456618218405
11/12/2007,-2.6695110924215717
11/9/2007,-8.0070774450765
11/8/2007,-0.8810869738768103
11/7/2007,0.4840245932486117
11/6/2007,4.323968936286745
11/5/2007,-0.4954161242696282
11/2/2007,1.0984776351478058
11/1/2007,0.2997053579283188
10/31/2007,3.4213524872070358
10/30/2007,-0.03836162176377553
10/29/2007,0.554868271132954
10/26/2007,-0.6851525166781779
10/25/2007,0.8874530974963506
10/24/2007,1.7330860993675081
10/23/2007,3.5354699212763316
10/22/2007,-2.42758883018621
10/19/2007,3.013802402885313
10/18/2007,0.786737938004277
10/17/2007,1.933742694777373
10/16/2007,-3.129356912051763
10/15/2007,2.322193367696545
10/12/2007,-1.5245208407493671
10/11/2007,1.9763079742827439
10/10/2007,1.016072254839142
10/9/2007,3.379833280458078
10/8/2007,1.343870354578789
10/5/2007,0.3452450832838422
10/4/2007,-0.19786286112578935
10/3/2007,0.4919554942534356
10/2/2007,2.3527553114934743
10/1/2007,0.5238119675778585
9/28/2007,-0.8273142526185991
9/27/2007,0.23317667955085192
9/26/2007,1.1347514715059537
9/25/2007,0.5347543376600992
9/24/2007,0.837613654984084
9/21/2007,1.707505392294517
9/20/2007,1.4334149574889423
9/19/2007,2.4215612701651446
9/18/2007,-0.001896564934227134
9/17/2007,0.6364679759172928
9/14/2007,-0.16410764599386427
9/13/2007,0.6781601728003597
9/12/2007,0.6847236523139977
9/11/2007,-0.822975453707293
9/10/2007,0.6604095618994659
9/7/2007,-2.1724297741826675
9/6/2007,1.1387083995054452
9/5/2007,1.6271186339316261
9/4/2007,0.37419834258987916
8/31/2007,0.14443120807073695
8/30/2007,0.8900423779397404
8/29/2007,-0.7213629173960981
8/28/2007,-0.5637288123521388
8/27/2007,0.35503947045464157
8/24/2007,-0.6569725268121809
8/23/2007,1.1844027975117937
8/22/2007,2.2086827864861385
8/21/2007,-0.7005493050840725
8/20/2007,1.009166223555347
8/17/2007,1.1015791369506784
8/16/2007,-3.3359533746502614
8/15/2007,-1.3030346427631072
8/14/2007,-0.7352637726996777
8/13/2007,1.8346455652985765
8/10/2007,-2.0391723045248047
8/9/2007,0.2811340459301882
8/8/2007,1.881310559324924
8/7/2007,1.3419479958228286
8/6/2007,-1.382218957946597
8/3/2007,-0.7143941736842949
8/2/2007,0.6307544613224737
8/1/2007,-1.8703321425454464
7/31/2007,1.4251759202577527
7/30/2007,0.8632766143960676
7/27/2007,-0.04128093706109479
7/26/2007,-1.5938661728822958
7/25/2007,1.507949354367671
7/24/2007,-1.870874766326196
7/23/2007,1.388946449403691
7/20/2007,-7.5091264432391185
7/19/2007,-0.07763477378097151
7/18/2007,-0.20718957576743324
7/17/2007,0.8613464940785145
7/16/2007,0.4362083133060542
7/13/2007,0.37555666172665214
7/12/2007,0.41389583995925056
7/11/2007,-0.03309985401412659
7/10/2007,0.14548778350317215
7/9/2007,0.32332638420260923
7/6/2007,1.0624412827037448
7/5/2007,0.8473540018030835
7/3/2007,1.0599619855278224
7/2/2007,-0.10075568915068381
6/29/2007,0.21719250356056385
6/28/2007,-0.022848533565288088
6/27/2007,-1.4510235271288117
6/26/2007,0.7089165383986267
6/25/2007,2.432121729975771
6/22/2007,1.0646253722480297
6/21/2007,-1.1567633400349009
6/20/2007,0.5739150678981939
6/19/2007,1.5468846298644678
6/18/2007,-0.3955230388758076
6/15/2007,0.5560158915311886
6/14/2007,-0.337218053818647
6/13/2007,-0.31845298470770134
6/12/2007,-1.033031760956562
6/11/2007,-0.42231987257426723
6/8/2007,-0.6830206415607698
6/7/2007,0.5805580925668175
6/6/2007,1.3732194235987014
6/5/2007,2.3779376751617503
6/4/2007,-0.6167663965005384
6/1/2007,0.08790099793457742
5/31/2007,3.3147579269418896
5/30/2007,-0.10309384078889662
5/29/2007,1.1048579938571914
5/25/2007,0.9575946975016575
5/24/2007,-1.179237175813541
5/23/2007,1.6532779159234183
5/22/2007,0.7390345552588706
5/21/2007,-0.5296268567174759
5/18/2007,-0.0910088198173947
5/17/2007,2.264066883261536
5/16/2007,0.008659825869638815
5/15/2007,-0.756210985945131
5/14/2007,0.790336871174566
5/11/2007,-1.1155376479696186
5/10/2007,0.1909281325235279
5/9/2007,0.00429128487432825
5/8/2007,-1.2729320883544921
5/7/2007,0.42968276119130355
5/4/2007,0.8365150429747606
5/3/2007,-0.5185112329864676
5/2/2007,-0.7497011610636698
5/1/2007,-1.452574532192974
4/30/2007,-0.19163880183790688
4/27/2007,0.41204822754218456
4/26/2007,-0.3958287053897668
4/25/2007,0.2904215561376919
4/24/2007,-0.3103521009147361
4/23/2007,-2.1242731001832222
4/20/2007,3.3761850135372637
4/19/2007,0.6875195323112825
4/18/2007,-0.5360917499506128
4/17/2007,1.13990068394451
4/16/2007,0.002138111427171213
4/13/2007,0.9590513843737272
4/12/2007,-0.44200328079945556
4/11/2007,-0.22051408655998606
4/10/2007,-1.2452972405146956
4/9/2007,0.35646300697233296
4/5/2007,-0.17791746962273577
4/4/2007,1.7433518730715105
4/3/2007,1.3740821343815879
4/2/2007,-0.9391901521533511
3/30/2007,-0.5273933579034248
3/29/2007,0.5802477750525393
3/28/2007,-0.3624226251480255
3/27/2007,0.6513956794837725
3/26/2007,-0.19503682859605867
3/23/2007,1.2818011219414314
3/22/2007,2.3152897310283103
3/21/2007,-0.10991479500382141
3/20/2007,0.5730406508751048
3/19/2007,-0.5385425429039855
3/16/2007,-0.493458703840948
3/15/2007,1.0446091543860365
3/14/2007,-1.5285153267930236
3/13/2007,-0.5435673389349693
3/12/2007,-1.1855842383672797
3/9/2007,-0.2656700294361886
3/8/2007,-0.74995982954336
3/7/2007,3.401341477111401
3/6/2007,2.391195601622138
3/5/2007,-1.817526945428147
3/2/2007,0.5511981323130866
3/1/2007,-1.7184326983226916
2/28/2007,-1.0087881895812254
2/27/2007,-3.7709133449081707
2/26/2007,-0.6137660673296568
2/23/2007,-0.6141813862264133
2/22/2007,1.883620732268646
2/21/2007,0.29244448231328574
2/20/2007,1.2251528590225154
2/16/2007,-0.6866951936857962
2/15/2007,1.3043425141869271
2/14/2007,0.18512610994254858
2/13/2007,-0.3321188988123561
2/12/2007,-2.3258732943949267
2/9/2007,0.769146634708376
2/8/2007,-1.2177599555501235
2/7/2007,1.2219609693719093
2/6/2007,-1.968586604138771
2/5/2007,-1.0588245978649484
2/2/2007,-4.622533149750252
2/1/2007,1.9154463580200298
1/31/2007,0.5040509657919884
1/30/2007,-0.8032156811938044
1/29/2007,1.440126076252161
1/26/2007,-2.0099827451796006
1/25/2007,3.416249779146827
1/24/2007,0.7612470764104389
1/23/2007,-2.377668784982464
1/22/2007,0.9262658546410951
1/19/2007,-1.3224916657103258
1/18/2007,-1.7620546038111509
1/17/2007,-0.8196246223841642
1/16/2007,1.107593464091413
1/12/2007,0.9633973992208207
1/11/2007,2.6360829686639877
1/10/2007,-0.21011087775872578
1/9/2007,-0.45930677305932116
1/8/2007,1.0756485480250448
1/5/2007,2.878464429376776
1/4/2007,0.6437772403242218
1/3/2007,0.8439734762792401
12/29/2006,-1.0746763661131227
12/28/2006,1.5478266559536344
12/27/2006,0.762289710315919
12/26/2006,-0.2142094619598671
12/22/2006,-1.4390912399338023
12/21/2006,-1.2383004296379854
12/20/2006,1.79329547535988
12/19/2006,-4.308720481343966
12/18/2006,-0.02693555768829663
12/15/2006,0.49765702539720985
12/14/2006,-0.9160454099709224
12/13/2006,0.1736053658256833
12/12/2006,-0.2206560169764684
12/11/2006,0.6183342050516877
12/8/2006,-1.6910409188990365
12/7/2006,0.6715114970765419
12/6/2006,-0.0902743633795265
12/5/2006,0.9109744368549931
12/4/2006,-0.6131941509972254
12/1/2006,0.3696852227135365
11/30/2006,-2.0334209895859177
11/29/2006,2.724833296277573
11/28/2006,-4.036940542489275
11/27/2006,-0.6204112416444421
11/24/2006,-1.2662234170152378
11/22/2006,2.9061131861043354
11/21/2006,-0.3731949872886747
11/20/2006,1.044095119593755
11/17/2006,-0.35353615916604164
11/16/2006,0.31818299058523525
11/15/2006,2.6482218466802507
11/14/2006,1.2213053089109562
11/13/2006,0.23640236309535106
11/10/2006,-0.5708346836895016
11/9/2006,1.307539159154594
11/8/2006,-1.3837915399464913
11/7/2006,0.6712110425899586
11/6/2006,0.32611044103036135
11/3/2006,1.0117655305427737
11/2/2006,-2.351909835029358
11/1/2006,0.14642550976645724
10/31/2006,0.6823645659208091
10/30/2006,-1.8764183949926
10/27/2006,-0.7751013946434645
10/26/2006,2.134075769937572
10/25/2006,0.25405095614293344
10/24/2006,3.0284679591161807
10/23/2006,0.7167904003374602
10/20/2006,9.223521066097375
10/19/2006,-0.6524979765691731
10/18/2006,0.6400207851176142
10/17/2006,-1.730186601077376
10/16/2006,-0.014021390145206734
10/13/2006,-0.18667505567589504
10/12/2006,0.8329052757710322
10/11/2006,-1.5154362463010669
10/10/2006,1.5913407548100607
10/9/2006,3.554187469248873
10/6/2006,-1.0802957357906706
10/5/2006,2.4026469906021735
10/4/2006,0.9170429819952076
10/3/2006,-0.1517802841062093
10/2/2006,-0.7972794794908546
9/29/2006,0.25985007193018583
9/28/2006,-0.5463918745224468
9/27/2006,0.19729116065282892
9/26/2006,-0.019727517009121617
9/25/2006,0.14815249110770437
9/22/2006,1.1691264118305975
9/21/2006,-1.670348949843574
9/20/2006,-2.012230937465319
9/19/2006,1.33170598980599
9/18/2006,0.6184354192143462
9/15/2006,0.7865435247586013
9/14/2006,2.3155797527502178
9/13/2006,2.6363619534857805
9/12/2006,1.7818465113944748
9/11/2006,0.4087893829126449
9/8/2006,-0.7037624601053017
9/7/2006,-0.7092408433057231
9/6/2006,0.5870448161517225
9/5/2006,-0.29397020172589405
9/1/2006,-0.1310663798108864
8/31/2006,0.6012494479981042
8/30/2006,-0.412306410228941
8/29/2006,1.3764282902407268
8/28/2006,0.6781348896681694
8/25/2006,-0.3632084361184312
8/24/2006,-0.8473677358147245
8/23/2006,-0.0238254432537487
8/22/2006,-0.09785886428842934
8/21/2006,-2.1252387249607314
8/18/2006,-0.020699258531745673
8/17/2006,0.7588338135561509
8/16/2006,2.5046141229400924
8/15/2006,0.7025562556093655
8/14/2006,-0.7745699962577761
8/11/2006,0.13908423198647668
8/10/2006,-2.330205685559005
8/9/2006,-0.005217064535361448
8/8/2006,3.047101329100796
8/7/2006,-2.1235127420119952
8/4/2006,3.994744740102181
8/3/2006,-2.827478896295612
8/2/2006,-2.4694242300671507
8/1/2006,-0.7448463922888474
7/31/2006,1.5706821235686144
7/28/2006,-1.3862709613254054
7/27/2006,-0.21380823645004923
7/26/2006,0.8259302133821834
7/25/2006,-1.9856426601572947
7/24/2006,1.7299436766908254
7/21/2006,-4.48699035101107
7/20/2006,2.346775499638003
7/19/2006,-3.5973103547427825
7/18/2006,1.2653486221748735
7/17/2006,-1.3891248943257932
7/14/2006,-0.8864700008634476
7/13/2006,-1.9166585027427392
7/12/2006,0.8554201594725197
7/11/2006,-1.1642737118804367
7/10/2006,-0.6126033510160349
7/7/2006,0.630640205851794
7/6/2006,0.4412537359935432
7/5/2006,0.352350838747247
7/3/2006,1.06833770715897
6/30/2006,1.8652395890291595
6/29/2006,0.9851269302710758
6/28/2006,-0.41902149121068216
6/27/2006,-0.2556895333579979
6/26/2006,0.9906714378904772
6/23/2006,0.2938328445872408
6/22/2006,2.690131527831319
6/21/2006,0.780865359404495
6/20/2006,-0.7215070070468939
6/19/2006,0.44975713302943476
6/16/2006,0.6414551019295136
6/15/2006,-0.8234319015514692
6/14/2006,2.3444430428249823
6/13/2006,-1.9158426768374295
6/12/2006,-0.9816694492460231
6/9/2006,1.1450706728921263
6/8/2006,-1.3960976915826493
6/7/2006,4.424024371554558
6/6/2006,0.10633801022924431
6/5/2006,-2.75566529307013
6/2/2006,3.560529288910607
6/1/2006,-0.06955686194947587
5/31/2006,-1.1843043271146345
5/30/2006,-1.630476253936782
5/26/2006,1.4429620410757005
5/25/2006,0.4584608470254868
5/24/2006,0.8390984974006221
5/23/2006,1.728971925650386
5/22/2006,-1.4546736281564183
5/19/2006,-1.45203035821407
5/18/2006,2.204475090756225
5/17/2006,-1.430893017438918
5/16/2006,0.01596251883109505
5/15/2006,-1.9841453623863339
5/12/2006,-4.9278722446140435
5/11/2006,-1.1976183529449855
5/10/2006,3.1867618359768604
5/9/2006,0.14932626420505096
5/8/2006,-0.6262604920468461
5/5/2006,0.6505813543275917
5/4/2006,-0.3330371452898457
5/3/2006,-1.1793170419750107
5/2/2006,-4.155610108212429
5/1/2006,-0.038224857684114384
4/28/2006,-1.0120334474562451
4/27/2006,-1.1291875575250636
4/26/2006,-2.7045496519211927
4/25/2006,0.05234060036963777
4/24/2006,-2.1162806297537897
4/21/2006,9.218752519703209
4/20/2006,-0.3781160380209535
4/19/2006,1.1374518086331096
4/18/2006,1.1104192050034705
4/17/2006,-1.2676475608445033
4/13/2006,-0.09046537172640763
4/12/2006,-1.7818575406142163
4/11/2006,2.294387512750514
4/10/2006,-1.2924014415697245
4/7/2006,1.4563690838413959
4/6/2006,-0.41891205921715113
4/5/2006,4.693509859791654
4/4/2006,0.09498712680343066
4/3/2006,0.20322030666618773
3/31/2006,-0.11562045104868618
3/30/2006,2.4345936533266705
3/29/2006,2.2140951714791597
3/28/2006,1.2585398424334104
3/27/2006,-0.4150546434434335
3/24/2006,7.673425699638247
3/23/2006,0.7652716749103664
3/22/2006,-2.9313429615961084
3/21/2006,2.240462374626147
3/20/2006,1.0448594401081228
3/17/2006,-2.8140269553657973
3/16/2006,-0.6157919023819641
3/15/2006,4.042830678483872
3/14/2006,-1.1116655641402062
3/13/2006,-0.7481780475200301
3/10/2006,-3.3456234625842924
3/9/2006,0.41251419660351696
3/8/2006,-3.0381888861112354
3/7/2006,-4.171587801123276
3/6/2006,-0.8821257293703335
3/3/2006,5.495775847133051
3/2/2006,-1.161281892926581
3/1/2006,-6.2665274705661185
2/28/2006,3.1290125776081514
2/27/2006,1.0522115118896942
2/24/2006,3.1974005044371885
2/23/2006,-0.41944474995030073
2/22/2006,0.19375280466646924
2/21/2006,-0.9246736949986596
2/17/2006,6.998004640782414
2/16/2006,1.2893033515476395
2/15/2006,-1.175693355208444
2/14/2006,-0.37790670125946185
2/13/2006,-4.2298686925032305
2/10/2006,-2.491916824107124
2/9/2006,0.7381663413994498
2/8/2006,-3.7886091898363334
2/7/2006,-0.6021136311206935
2/6/2006,-2.1111714190331767
2/3/2006,-2.5258816661104246
2/2/2006,3.8017637334261423
2/1/2006,-9.647678066159042
1/31/2006,0.3121929361235609
1/30/2006,-1.3264413789958542
1/27/2006,-1.0328967082178873
1/26/2006,-2.5971734069218884
1/25/2006,3.4928786078567384
1/24/2006,7.03274986589877
1/23/2006,-7.139279549694876
1/20/2006,-2.7639243147446435
1/19/2006,0.8651936893843852
1/18/2006,-3.403445179657255
1/17/2006,-0.26921623138860273
1/13/2006,-1.9864092103868256
1/12/2006,0.5198730640669258
1/11/2006,1.4749606836072926
1/10/2006,-0.42666443858787323
1/9/2006,2.0881188311469874
1/6/2006,2.4372193184517235
1/5/2006,0.47308050933410817
1/4/2006,5.06011777377478
1/3/2006,1.258173806047561
12/30/2005,-2.502447989929675
12/29/2005,0.8578019568803191
12/28/2005,-1.7413039696445884
12/27/2005,-0.06711153441915903
12/23/2005,0.08801430312792596
12/22/2005,-0.41056922892190084
12/21/2005,1.329876641613882
12/20/2005,-1.0041644005225638
12/19/2005,1.6128269567824318
12/16/2005,1.486480904526209
12/15/2005,0.49635921396566185
12/14/2005,1.1006046510804692
12/13/2005,-0.5137094199827188
12/12/2005,-0.08915767836081417
12/9/2005,2.3932915386017752
12/8/2005,-0.2117447554485163
12/7/2005,-0.621476079440694
12/6/2005,-1.9904093352052659
12/5/2005,0.014385258102237591
12/2/2005,1.8915014444794664
12/1/2005,1.221982506995977
11/30/2005,-4.758989051088606
11/29/2005,-1.2470292062020505
11/28/2005,0.9488442538279107
11/25/2005,2.095723210831277
11/23/2005,2.0531025942659964
11/22/2005,2.3749230770814744
11/21/2005,-1.0706573906164345
11/18/2005,0.42060628460675586
11/17/2005,1.4134309482428553
11/16/2005,0.46148330943708754
11/15/2005,0.5763531822118095
11/14/2005,-0.7592637171096167
11/11/2005,4.429644814122998
11/10/2005,-2.1491175517405847
11/9/2005,-1.9226386866680698
11/8/2005,-0.21513680910325664
11/7/2005,1.312890480418516
11/4/2005,1.979547045267544
11/3/2005,0.18601461886447385
11/2/2005,2.646156706613441
11/1/2005,3.225624870470266
10/31/2005,1.3989375788632983
10/28/2005,-0.3729693501146429
10/27/2005,2.980247547626817
10/26/2005,0.1446021011630421
10/25/2005,0.7018670492643806
10/24/2005,-0.7027194406727904
10/21/2005,11.551983204235782
10/20/2005,1.9704013061372834
10/19/2005,-0.3147974726183847
10/18/2005,2.5075583229740737
10/17/2005,-0.8002614040271101
10/14/2005,-0.6953657039140014
10/13/2005,-1.0484926468948685
10/12/2005,-1.7417348930774001
10/11/2005,-0.8617642083774318
10/10/2005,-0.47015929125140626
10/7/2005,0.20691758294394566
10/6/2005,0.46371630363729116
10/5/2005,-2.269101655524627
10/4/2005,2.015109230018803
10/3/2005,-0.1877671620740217
9/30/2005,2.458587728758199
9/29/2005,-2.399591662601182
9/28/2005,-0.23177988739228012
9/27/2005,-1.4241036250340735
9/26/2005,2.076681128207535
9/23/2005,0.4815362361565147
9/22/2005,1.0019129047924116
9/21/2005,0.7381989265803836
9/20/2005,1.7109735641270554
9/19/2005,-0.993357645552551
9/16/2005,1.502399922414667
9/15/2005,-2.983186093923043
9/14/2005,-0.0873852833326528
9/13/2005,2.4026526469087295
9/12/2005,1.5036326682408518
9/9/2005,0.8309896477877444
9/8/2005,3.127076702057391
9/7/2005,-1.0761251278111963
9/6/2005,0.8690833775245507
9/2/2005,0.20985238754526694
9/1/2005,-0.8049141141733958
8/31/2005,0.2922929100076826
8/30/2005,1.8246879851282043
8/29/2005,-0.4374251676891326
8/26/2005,0.3291514621410728
8/25/2005,1.7941389867378212
8/24/2005,0.5105698017750702
8/23/2005,-1.80628827020502
8/22/2005,0.08897739390616684
8/19/2005,1.8411821061121882
8/18/2005,-3.3624136061992873
8/17/2005,0.22114852131646107
8/16/2005,-1.6977169596603021
8/15/2005,2.2727284276968462
8/12/2005,-0.8849615716322461
8/11/2005,-1.8571927982067848
8/10/2005,-0.226057289673881
8/9/2005,-0.5585845201699304
8/8/2005,-1.310924776272159
8/5/2005,0.659787044051623
8/4/2005,-0.8221495610524374
8/3/2005,2.194797103989725
8/2/2005,1.2078213635222605
8/1/2005,-1.3760478404334335
7/29/2005,-1.7719695935033968
7/28/2005,-0.11083442723885435
7/27/2005,0.9253968863793296
7/26/2005,-2.4405589750612604
7/25/2005,-1.299086398121338
7/22/2005,-2.445465958730505
7/21/2005,2.7751416978135808
7/20/2005,1.1486226200835978
7/19/2005,0.700001788996905
7/18/2005,-0.41162592269340115
7/15/2005,-1.3427745385055918
7/14/2005,4.3861799682877045
7/13/2005,-0.29994018517921034
7/12/2005,-1.0155262142217285
7/11/2005,0.05063451079142639
7/8/2005,2.3705027753380965
7/7/2005,-2.6606122227414426
7/6/2005,1.7802195341054825
7/5/2005,-0.9964733959177142
7/1/2005,0.23781027579148983
6/30/2005,-2.6975166763431857
6/29/2005,-1.2341598149084965
6/28/2005,2.4690451946783534
6/27/2005,2.750084881253158
6/24/2005,1.0069514222731057
6/23/2005,-0.5765161078682655
6/22/2005,0.5554203224473241
6/21/2005,4.339156811863023
6/20/2005,-1.0430022080536812
6/17/2005,1.7282837320355346
6/16/2005,-0.26909335534124296
6/15/2005,-1.2886341039249785
6/14/2005,-0.43956682041751144
6/13/2005,-2.4983427238245515
6/10/2005,0.7972681897095473
6/9/2005,-2.7761648198700866
6/8/2005,-1.430484999462841
6/7/2005,5.209104819745393
6/6/2005,-1.5342258975586955
6/3/2005,-0.6719130583047871
6/2/2005,1.9526905393921121
6/1/2005,5.11078461170335
5/31/2005,3.4439146198922668
5/27/2005,-0.19160222065994473
5/26/2005,3.256438490608349
5/25/2005,-1.646175893425703
5/24/2005,5.675278484878415
5/23/2005,0.8084240408240665
5/20/2005,0.36199115016890054
5/19/2005,2.8808679017752117
5/18/2005,1.3228637759253754
5/17/2005,0.3831463415289324
5/16/2005,0.21816482069434695
5/13/2005,-0.7062103695560057
5/12/2005,0.8035990713367372
5/11/2005,1.5523169552946654
5/10/2005,-1.1096498563006907
5/9/2005,-0.17513454595643282
5/6/2005,-0.09622894671117267
5/5/2005,0.6117157047737029
5/4/2005,2.425061838071915
5/3/2005,-0.09006829850924516
5/2/2005,0.06309033488775347
4/29/2005,1.097950303245961
4/28/2005,0.6926934528258337
4/27/2005,-1.0126269967623154
4/26/2005,1.1018266771416576
4/25/2005,-2.279050765941233
4/22/2005,11.216446501811516
4/21/2005,0.9265791226878852
4/20/2005,4.885647191944115
4/19/2005,2.5734136244516943
4/18/2005,-2.9037361787192606
4/15/2005,-1.6401896932673574
4/14/2005,-0.10337347600982022
4/13/2005,0.24351615384217787
4/12/2005,-0.046608754394678
4/11/2005,-0.30977487214784843
4/8/2005,2.600917856277793
4/7/2005,-0.24307769212754574
4/6/2005,0.8043399316686797
4/5/2005,4.323430921499659
4/4/2005,-0.995825177835706
4/1/2005,2.1410527827861388
3/31/2005,-1.4891449777960013
3/30/2005,-0.22646191172284788
3/29/2005,-0.3467591033229618
3/28/2005,0.5423316620633831
3/24/2005,1.5339648592732473
3/23/2005,-1.7717189640607596
3/22/2005,1.0654374866842256
3/21/2005,0.2572564317756934
3/18/2005,0.9484531847721234
3/17/2005,0.2433481920512271
3/16/2005,0.7986329743873907
3/15/2005,-1.699100935796041
3/14/2005,-1.1693590168852894
3/11/2005,-0.31489919521545345
3/10/2005,-1.7371475924757005
3/9/2005,-2.585938889763246
3/8/2005,0.7029549209416739
3/7/2005,0.5784633681975296
3/4/2005,0.3062370378793743
3/3/2005,0.09680488957269978
3/2/2005,-1.7644895386782646
3/1/2005,1.768815198407927
2/28/2005,-1.665341071954391
2/25/2005,3.152091880779332
2/24/2005,-5.137089469665271
2/23/2005,-1.6284984793690223
2/22/2005,-1.0125397351481955
2/18/2005,0.3437288861056544
2/17/2005,1.6075960792631023
2/16/2005,0.5681865403047563
2/15/2005,5.87913465457545
2/14/2005,-2.0411466985468945
2/11/2005,-2.766059647882262
2/10/2005,-4.3783601350320405
2/9/2005,1.929327009989183
2/8/2005,-4.043655112188509
2/7/2005,-0.5860381292318568
2/4/2005,0.23302256634836518
2/3/2005,-4.435169293651978
2/2/2005,10.891036043608967
2/1/2005,0.356239760621201
1/31/2005,1.931375417598074
1/28/2005,0.6675147262139154
1/27/2005,5.293697781576797
1/26/2005,-1.467519201943115
1/25/2005,-3.5772953081149312
1/24/2005,-3.00709417931907
1/21/2005,1.0597389570202962
1/20/2005,-5.93696606035173
1/19/2005,1.831119909755833
1/18/2005,2.5357176694549537
1/14/2005,0.3173256870913983
1/13/2005,0.5403191454402592
1/12/2005,-0.6594436958856146
1/11/2005,0.5758417083578552
1/10/2005,2.0247557802894067
1/7/2005,-2.2759870487812686
1/6/2005,0.8425888655857023
1/5/2005,-3.947364200602998
1/4/2005,2.026342042295199
1/3/2005,-0.9185363078662315
12/31/2004,3.244024545244337
12/30/2004,0.6205057759678675
12/29/2004,-0.17177577519583428
12/28/2004,1.5648945075546847
12/27/2004,0.906906951058739
12/23/2004,1.9303969004599189
12/22/2004,-1.2935429449103981
12/21/2004,2.3681282668521035
12/20/2004,2.9644779000967785
12/17/2004,-0.10738042847950093
12/16/2004,-0.5843031501624564
12/15/2004,4.0877191443523655
12/14/2004,-0.6795539462702794
12/13/2004,-0.7265178334589981
12/10/2004,1.8678394027992562
12/9/2004,-0.05870198435647904
12/8/2004,-3.210229700570458
12/7/2004,-1.747336867546253
12/6/2004,-0.4556752563827276
12/3/2004,0.02778872365478589
12/2/2004,-1.12668232192974
12/1/2004,0.6861805391261666
11/30/2004,0.19405710605589813
11/29/2004,2.593854400948226
11/26/2004,0.5605819360928151
11/24/2004,4.078106956630331
11/23/2004,2.1280433209429104
11/22/2004,-2.738019582793376
11/19/2004,-0.6988113990946412
11/18/2004,0.7513914364791182
11/17/2004,-4.7774649764408466
11/16/2004,-1.6347996480006088
11/15/2004,-2.5805733135082076
11/12/2004,9.519300067193168
11/11/2004,-0.902321098823264
11/10/2004,-1.9701401328955648
11/9/2004,1.8545665604381618
11/8/2004,-6.072099578066441
11/5/2004,-3.4281421664762863
11/4/2004,-4.914724258590048
11/3/2004,-0.3018427290236104
11/2/2004,2.70214100790815
11/1/2004,-2.684898133739932
10/29/2004,6.540600355179369
10/28/2004,2.1672555293237954
10/27/2004,-1.9426900856950444
10/26/2004,5.6349270525033655
10/25/2004,3.4361362295957933
10/22/2004,18.102494031658622
10/21/2004,-2.4522021184412846
10/20/2004,-1.6411919472479843
10/19/2004,5.097762299188271
10/18/2004,-1.1936804330430817
10/15/2004,2.7799471041240924
10/14/2004,-1.6117799799447823
10/13/2004,6.605171386340027
10/12/2004,-1.8686056220489478
10/11/2004,-1.239907807824991
10/8/2004,1.3146325669102281
10/7/2004,-0.4580202740899583
10/6/2004,2.146148044372561
10/5/2004,-0.4362306556532609
10/4/2004,3.40215029305226
10/1/2004,0.6928387087630763
9/30/2004,2.5256508248675806
9/29/2004,4.451767194370336
9/28/2004,1.4553387559012703
9/27/2004,-1.1410622015798104
9/24/2004,1.7670795541444924
9/23/2004,1.2265770954416508
9/22/2004,-2.011518918321215
9/21/2004,2.445488679951344
9/20/2004,2.211153314032895
9/17/2004,1.8515243413505982
9/16/2004,1.6099854894423236
9/15/2004,2.8943720439149314
9/14/2004,0.7690092631837817
9/13/2004,4.950785617718108
9/10/2004,-0.9070461540424214
9/9/2004,1.776846210790814
9/8/2004,-0.2672988142036171
9/7/2004,0.05943625218516191
9/3/2004,1.7743703300124323
9/2/2004,-3.4177167022131845
9/1/2004,0.39100715890285265
8/31/2004,-2.8305470760127376
8/30/2004,-2.6086976631908536
8/27/2004,3.001428868440238
8/26/2004,-0.009528375336931431
8/25/2004,-5.645448876394839
8/24/2004,0.4424353543552805
8/23/2004,9.642608776789068
8/20/2004,1.0100053031910923
